id_prueba,nombre,tipo,fecha
P1042,Página 1,button,
P1042,Página 2,button,
P1042,Página 3,button,
P1042,Página 4,button,
P1042,Página 5,button,
P1042,Página 6,button,
P1042,Página 7,button,
P1042,Página 1,button,
P1042,Página 2,button,
P1042,Página 3,button,
P1042,Más información,button,
P1042,Aceptar cookies,button,
P1042,Configurar cookies,button,
P1042,Mercado Libre México - Donde comprar y vender de todo,a,
P1042,Ingresa tu domicilio,a,
P1042,Categorías,a,
P1042,Ofertas,a,
P1042,Historial,a,
P1042,Supermercado,a,
P1042,Vender,a,
P1042,Crea tu cuenta,a,
P1042,Ingresa,a,
P1042,Mis compras,a,
P1042,0 productos en tu carrito,a,
P1042,OFERTAS DEL DÍA,a,
P1042,TOP DESCUENTOS,a,
P1042,MERCADO PLAY,a,
P1042,TENIS,a,
P1042,CLIMATIZACIÓN,a,
P1042,DESCUENTOS EN ELECTRO,a,
P1042,PERFUMES,a,
P1042,PRODUCTOS DESDE USA,a,
P1042,10% CUPÓN + BONIFICACIÓN,a,
P1042,10% CUPÓN,a,
P1042,10% CUPÓN CON CUENTA DIGITAL,a,
P1042,10% CUPÓN,a,
P1042,15% CUPÓN,a,
P1042,10% CUPÓN,a,
P1042,10% CUPÓN,a,
P1042,10% CUPÓN,a,
P1042,Ver más bancos,a,
P1042,LLANTAS,a,
P1042,MOTOS,a,
P1042,INSTRUMENTOS MUSICALES,a,
P1042,MASCOTAS,a,
P1042,CÁMARAS Y DRONES,a,
P1042,SALUD,a,
P1042,SUSTENTABLES,a,
P1042,DESCUENTOS EN TU HOGAR,a,
P1042,Ver más,a,
P1042,"OFERTA DEL DÍA
$ 15,999
$ 9,499
40% OFF
18 meses sin intereses
de $ 527
Envío gratis
Laptop Lenovo Ideapad 3 15.6'' Ryzen 7 16gb Ram 512gb Ssd",a,
P1042,"OFERTA DEL DÍA
$ 5,900
$ 4,720
20% OFF
18 meses sin intereses
de $ 262
Envío gratis
Kit Starlink De Internet Vía Satélite",a,
P1042,"OFERTA DEL DÍA
$ 509
$ 26950
47% OFF
Envío gratis
Gel Cerave Limpiador Espumoso Piel Normal A Grasa De 473 Ml",a,
P1042,"OFERTA DEL DÍA
$ 279
$ 140
49% OFF
Envío gratis
Protector Solar Facial Nivea Sun Control Brillo Fps50 50ml",a,
P1042,"OFERTA DEL DÍA
$ 1,618
$ 1,094
32% OFF
Envío gratis
Tenis adidas Grand Court Lifestyle Estilo Casual Para Mujer",a,
P1042,"HASTA
30% OFF
VICHY
Ver ofertas",a,
P1042,"HASTA
50% OFF
SAMSUNG
Ver ofertas",a,
P1042,"HASTA
50% OFF
HUAWEI
Ver ofertas",a,
P1042,"HASTA
65% OFF
XIAOMI
Ver ofertas",a,
P1042,"HASTA
50% OFF
HASBRO
Ver ofertas",a,
P1042,"HASTA
65% OFF
EMMA
Ver ofertas",a,
P1042,"HASTA
55% OFF
LENOVO
Ver ofertas",a,
P1042,"HASTA
60% OFF
AMERICAN EAGLE
Ver ofertas",a,
P1042,"HASTA
35% OFF
NIVEA
Ver ofertas",a,
P1042,"HASTA
35% OFF
NEUTROGENA
Ver ofertas",a,
P1042,"HASTA
37% OFF
GARNIER
Ver ofertas",a,
P1042,"HASTA
50% OFF
HUGO BOSS
Ver ofertas",a,
P1042,"HASTA
45% OFF
P&G
Ver ofertas",a,
P1042,"HASTA
50% OFF
SOGNARE
Ver ofertas",a,
P1042,"HASTA
60% OFF
AVERA
Ver ofertas",a,
P1042,"HASTA
40% OFF
ANDREA
Ver ofertas",a,
P1042,Ver más,a,
P1042,"OFERTA DEL DÍA
$ 9,999
$ 7,399
26% OFF
18 meses sin intereses
de $ 411
Envío gratis
Pantalla Hisense 55 4k Googletv Con Dolby Vision 55a7k",a,
P1042,"OFERTA DEL DÍA
$ 5,999
$ 4,119
31% OFF
18 meses sin intereses
de $ 228
Envío gratis
Motorola Moto G84 256 GB Negro Espacial 8 GB RAM",a,
P1042,"$ 1,799
$ 1,207
32% OFF
9 meses sin intereses
de $ 134
Envío gratis
Tenis Skechers 117436slt Bobs Unity Mujer",a,
P1042,"OFERTA DEL DÍA
$ 2,359
$ 1,299
44% OFF
Envío gratis
Batería De Cocina Ekco 32 Piezas Con Aluminio Antiadherente Color Golden rose",a,
P1042,"OFERTA DEL DÍA
$ 3,390
$ 2,199
35% OFF
Envío gratis
Tenis Lacoste Piel Modelo Chaymon Hombre",a,
P1042,"$ 1,629
$ 1,260
22% OFF
9 meses sin intereses
de $ 140
Envío gratis
Batería De Cocina De Aluminio Cinsa Magnífica 319455 Con Antiadherente Rojo Metálico 10 Piezas",a,
P1042,"$ 1,599
$ 1,066
33% OFF
6 meses sin intereses
de $ 177
Envío gratis
Batería Equipa Tu Cocina De Aluminio Cinsa Esencial Con Antiadherente De 15 Piezas Rojo",a,
P1042,"$ 999
$ 519
48% OFF
Envío gratis
Figura de acción Indoraptor Track´n Attack HKY11 de Mattel Jurassic World",a,
P1042,"OFERTA DEL DÍA
$ 2,659
$ 2,078
21% OFF
18 meses sin intereses
de $ 115
Envío gratis
Celular Poco C65 256gb 8gb Black Color Negro",a,
P1042,"OFERTA DEL DÍA
$ 559
$ 36335
35% OFF
Birdman Creatina Monohidratada En Polvo 450g Sabor Natural",a,
P1042,"OFERTA DEL DÍA
$ 2,699
$ 1,349
50% OFF
Envío gratis
Paquete De 2 Mesas Plegables Portafolio De Plástico 1.8",a,
P1042,"OFERTA DEL DÍA
$ 1,499
$ 74950
50% OFF
Envío gratis
Tenis Para Hombre Nike Court Royale",a,
P1042,"OFERTA DEL DÍA
$ 5,900
$ 4,720
20% OFF
18 meses sin intereses
de $ 262
Envío gratis
Kit Starlink De Internet Vía Satélite",a,
P1042,"OFERTA DEL DÍA
$ 15,999
$ 9,499
40% OFF
18 meses sin intereses
de $ 527
Envío gratis
Laptop Lenovo Ideapad 3 15.6'' Ryzen 7 16gb Ram 512gb Ssd Color Sand",a,
P1042,"OFERTA DEL DÍA
$ 7,433
$ 5,887
20% OFF
18 meses sin intereses
de $ 327
Envío gratis
Xiaomi Pocophone Poco X6 Pro 5G Dual SIM 512 GB negro 12 GB RAM",a,
P1042,"OFERTA DEL DÍA
$ 539
$ 26950
50% OFF
Envío gratis
Gel Cerave Limpiador Espumoso Piel Normal A Grasa Sin perfume De 473 Ml",a,
P1042,"OFERTA DEL DÍA
$ 704
$ 300
57% OFF
Envío gratis
Eucerin Oil Control Toque Seco protector solar fps50+ 50ml",a,
P1042,"$ 1,048
$ 70216
33% OFF
Envío gratis
Mesa 180cm de exterior Vitasense Garden MESA-03 de acero/plástico color blanco",a,
P1042,"$ 8,988
$ 7,999
11% OFF
Envío gratis
Consola Playstation 5 1 Tb Slim Digital Mega Pack Ratchet & Clank: Rift Apart, Returnal Blanco",a,
P1042,"OFERTA DEL DÍA
$ 25,999
$ 12,999
50% OFF
18 meses sin intereses
de $ 722
Envío gratis
Apple Macbook Air (13 pulgadas, 2020, Chip M1, 256 GB de SSD, 8 GB de RAM) - Gris espacial - Distribuidor autorizado",a,
P1042,Regístrate aquí,a,
P1042,electrónicos,a,
P1042,moda,a,
P1042,calzado,a,
P1042,consolas y videojuegos,a,
P1042,hogar,a,
P1042,mucho más,a,
P1042,pantallas,a,
P1042,celulares,a,
P1042,laptops,a,
P1042,refrigeradores,a,
P1042,tenis,a,
P1042,Conoce más,a,
P1042,Accesorios para Vehículos,a,
P1042,Agro,a,
P1042,Alimentos y Bebidas,a,
P1042,Animales y Mascotas,a,
P1042,Antigüedades y Colecciones,a,
P1042,"Arte, Papelería y Mercería",a,
P1042,"Autos, Motos y Otros",a,
P1042,Bebés,a,
P1042,Belleza y Cuidado Personal,a,
P1042,Cámaras y Accesorios,a,
P1042,Celulares y Telefonía,a,
P1042,Computación,a,
P1042,Consolas y Videojuegos,a,
P1042,Construcción,a,
P1042,Trabaja con nosotros,a,
P1042,Términos y condiciones,a,
P1042,Cómo cuidamos tu privacidad,a,
P1042,Accesibilidad,a,
P1042,Ayuda,a,
P1042,Hot Sale,a,
P1042,Mercado Libre,a,
P1042,Centro de Privacidad.,a,
P1042,te da envío gratisEn carritos desde $ 299,button,
P1042,Envío gratis,button,
P1042,Miles de productos del mundo a tu casa,button,
P1042,"Más relevantes
Más relevantes",button,
P1042,1,button,
P1042,2,button,
P1042,3,button,
P1042,4,button,
P1042,5,button,
P1042,6,button,
P1042,7,button,
P1042,8,button,
P1042,9,button,
P1042,10,button,
P1042,Más información,button,
P1042,Aceptar cookies,button,
P1042,Configurar cookies,button,
P1042,Agregar código postal,button,
P1042,Más tarde,button,
P1042,Mercado Libre México - Donde comprar y vender de todo,a,
P1042,"Ingresa tu
código postal",a,
P1042,Categorías,a,
P1042,Ofertas,a,
P1042,Historial,a,
P1042,Supermercado,a,
P1042,Vender,a,
P1042,Crea tu cuenta,a,
P1042,Ingresa,a,
P1042,Mis compras,a,
P1042,lamparas de pie,a,
P1042,lamparas de buro,a,
P1042,lamparas de mesa,a,
P1042,lamparas colgantes,a,
P1042,lamparas para recamara,a,
P1042,lamparas de emergencia,a,
P1042,lamparas para exteriores,a,
P1042,Saltar a resultados,a,
P1042,"Solo tiendas oficiales
(55,510)",a,
P1042,"Deportes y Fitness
(52,343)",a,
P1042,"Iluminación para el Hogar
(630,272)",a,
P1042,"Tuning
(189,840)",a,
P1042,"Refacciones Autos y Camionetas
(66,218)",a,
P1042,"Adornos y Decoración del Hogar
(19,436)",a,
P1042,"Jardín y Aire Libre
(19,323)",a,
P1042,"Electrónica, Audio y Video
(18,419)",a,
P1042,"Cámaras y Accesorios
(15,030)",a,
P1042,"Animales y Mascotas
(14,238)",a,
P1042,Mostrar más,a,
P1042,"Meses sin intereses
(908,327)",a,
P1042,"En cuotas
(1,129,535)",a,
P1042,"Gratis
(1,011,492)",a,
P1042,"(15,801)",a,
P1042,"Nuevo
(1,109,223)",a,
P1042,"Usado
(10,767)",a,
P1042,"Reacondicionado
(222)",a,
P1042,"Sonora
(94,920)",a,
P1042,"Distrito Federal
(83,768)",a,
P1042,"Tamaulipas
(76,275)",a,
P1042,"Estado De México
(65,254)",a,
P1042,"Puebla
(45,652)",a,
P1042,"Jalisco
(40,689)",a,
P1042,"San Luis Potosí
(28,250)",a,
P1042,"Baja California
(21,696)",a,
P1042,"Nuevo León
(13,110)",a,
P1042,Mostrar más,a,
P1042,"Hasta $ 400
(375,466)",a,
P1042,"$400 a $950
(369,867)",a,
P1042,"Más de $950
(384,315)",a,
P1042,"Desde 70% OFF
(565)",a,
P1042,"Desde 60% OFF
(10,741)",a,
P1042,"Desde 50% OFF
(13,464)",a,
P1042,"Desde 40% OFF
(29,075)",a,
P1042,"Desde 30% OFF
(55,527)",a,
P1042,"Desde 25% OFF
(80,280)",a,
P1042,"Desde 20% OFF
(101,644)",a,
P1042,"Desde 15% OFF
(183,683)",a,
P1042,"Desde 10% OFF
(224,480)",a,
P1042,Mostrar más,a,
P1042,"Genérica
(156,510)",a,
P1042,"Rivera
(39,294)",a,
P1042,"Mundo Lucido
(14,763)",a,
P1042,"TYC
(13,542)",a,
P1042,"Tecnolite
(13,431)",a,
P1042,"Depo
(12,654)",a,
P1042,"Led
(10,989)",a,
P1042,"Volteck
(6,549)",a,
P1042,"Shenkenuo
(6,438)",a,
P1042,Mostrar más,a,
P1042,"Internacional
(605,394)",a,
P1042,"Local
(514,818)",a,
P1042,"Mejores vendedores
(613,238)",a,
P1042,lámparas decorativos,a,
P1042,lámparas cuarto,a,
P1042,nordic naturals children s dha omega 3,a,
P1042,lámparas para el cuarto,a,
P1042,lamparas panel,a,
P1042,Lámpara Tactica Linterna Potente Con Martillo Emergencia Color de la linterna Blanco Color de la luz Negro,a,
P1042,Linterna Táctica Recargable Lámpara De Mano Portátil Led+cob,a,
P1042,Lámpara Táctica Led+lampara De Cabeza Recargable Usb 2000lm Color de la luz Negro,a,
P1042,4pcs Lampara Tactica Recargable Led 2000l Linterna Lateral Color de la linterna Negro Color de la luz Blanco,a,
P1042,Lámpara Táctica Led+lampara De Cabeza Recargable Usb 2000lm Color de la luz Negro,a,
P1042,Lámpara Táctica 32000 Lm Batería Extra Grande Usb Recargable Luz Blanca,a,
P1042,Lámpara Linterna Táctica Luz Negra Uv Ultravioleta Campismo Multiusos Seguridad Alacranes Batería Recargable Led Q5 Color de la linterna Negro,a,
P1042,2 Piezas Linterna Militar Portátil Lámpara Táctica 1200 Lm Color de la luz Blanco,a,
P1042,Lámpara Táctica Recargable L45 Campismo Linterna Potente Color de la luz Negro,a,
P1042,2 Piezas Linterna Militar Portátil Lámpara Táctica 1200 Lm Color de la luz Blanco,a,
P1042,4pcs Lampara Tactica Recargable Led 2000l Linterna Lateral Color de la linterna Negro Color de la luz Blanco,a,
P1042,Lámpara De Cabeza Con Sensor Impermeable Recargable 2pcs,a,
P1042,Lámpara Tipo Minero Recargable Y Potente De Cacería Color de la luz Blanco,a,
P1042,Lámpara Tactica Linterna Potente Con Martillo Emergencia Color de la linterna Blanco Color de la luz Negro,a,
P1042,Lámpara Táctica Ultra Potente 100000 Lúmenes Con Power Bank,a,
P1042,Linterna Táctica Recargable Lámpara De Mano Portátil Led+cob,a,
P1042,Lámpara Linterna Táctica Luz Negra Ultravioleta Campismo Multiusos Seguridad Alacranes Batería Recargable Led Q5 Uv Color de la linterna Negro,a,
P1042,Lampara Tipo Pluma De Bolsillo Examen Diagnostico Luz Medico Color De La Linterna Rosa Color De La Luz Amarillo,a,
P1042,Foco Ventilador De Techo Luz Led 30w Para Socket Y Corriente,a,
P1042,Lámpara De Escritorio Con Brazo Oscilante De Metal 360° Estructura Blanco Pantalla Blanco,a,
P1042,Lampara Led De Sobreponer 18w Plafón Pack 10 Piezas Color Blanco,a,
P1042,Lámpara De Escritorio Con Brazo Oscilante De Metal 360° Estructura Negro Pantalla Negro,a,
P1042,Lampara Panel Led Plafon Sobreponer 30 Cm Redonda 24w Frio,a,
P1042,Lámpara Luna 15cm 3d 16 Colores Touch/control Recargable Color de la estructura Madera clara,a,
P1042,Lámpara De Techo Colgante Y Moderna Con 6 Luces,a,
P1042,Lampara Sistema Lampara De Cristal Esferas Con Luz Esferas Color De La Estructura Saturn Color De La Pantalla Saturn,a,
P1042,Paquete 10 Piezas Lampara Sobreponer Plafon Led 18 W,a,
P1042,5pz Reflector Led 20w Luminario Exterior R18w30mm20 - Tlrl04 Carcasa Negro Luz Blanco frío,a,
P1042,Lámpara Led Empotrable 5w Spot Para Bote 3 Pulgadas 10 Pz Color Blanco,a,
P1042,Lámpara Led YYUgolo Sol-800 Luminaria Suburbana Alumbrado 800w Color Blanco,a,
P1042,Lámpara Antorcha Led Minecraft Brownstone Luz Nocturna De S Color De La Estructura 1,a,
P1042,Paquete 10 Lamparas De Empotrar 3w Plafon O Bote Luz Led Color Blanco,a,
P1042,Lámpara De Escritorio Brazo Giratoria 360° Doblar,a,
P1042,Megaluz Lampara Redonda Led 18w Empotrar Plafon Luz Blanca T2042,a,
P1042,Lampara De Cabeza Wuben H1 Linternas Recargables,a,
P1042,Proyector De Estrella Galaxia Astronautas Lampara De Noche,a,
P1042,Lampara Sobreponer Led 12w C Sensor De Movimiento Luz Blanca Color Blanco,a,
P1042,"Lámpara Detectora De Billetes Falsos, Compacta",a,
P1042,"1x Luz Nocturna De Bola De Cristal De 3d, Lámpara De Cristal Color De La Estructura Saturno Color De La Pantalla Saturn",a,
P1042,Empotrado Plafon Led 1w Spot Satinado Luz Blanca 10 Piezas Color Plateado,a,
P1042,Reflector Led 50 Watts Ultradelgado Exterior Alta Potencia Color de la carcasa Negro Protección IP66 Contra Agua,a,
P1042,Tubo Led Regleta 22w 120cm Decorativa Interiores 10 Piezas,a,
P1042,Romantic Led Night Led De Flores De Tulipan Y Color De La Estructura Azul Color De La Pantalla Azul,a,
P1042,Lampara Panel Led Plafon Sobreponer 30 Cm Redonda 24w Frio Color Blanco,a,
P1042,Lampara Proyector De Estrellas Luces Led Niños Usb O Pilas Color de la estructura Azul,a,
P1042,Lámpara Colgante De Techo Vintage Metal Ajustable Moderna,a,
P1042,"Lámpara Led De Lectura Para Escritorio, Recargable Usb Color de la estructura Blanco",a,
P1042,Lampara De Fotocurado Para Resinas Woodpecker Rta Mini S,a,
P1042,Lámpara led Adir de techo Adir AD-4277 18W 100V/240V,a,
P1042,Dapon Lámpara De Escritorio Mesa Con Brazo Led 10 Modos 360° Color de la estructura Blanco,a,
P1042,Lampara Luminaria Luz 18w Ajustable 175mm Diametro 5 Piezas,a,
P1042,Lámpara Antorcha Minecraft Brownstone Luz Nocturna Led De S,a,
P1042,Spot Led 15w Led Ajustable Bote Integral Luz Cálida 10 Pzs. Color Cálido,a,
P1042,Set De 2 Lamparas De Mesa Buro Ceramica Estilo Minimalista Estructura Blanco,a,
P1042,Siguiente,a,
P1042,Trabaja con nosotros,a,
P1042,Términos y condiciones,a,
P1042,Cómo cuidamos tu privacidad,a,
P1042,Accesibilidad,a,
P1042,Ayuda,a,
P1042,Hot Sale,a,
P1042,Mercado Libre,a,
P1042,Centro de Privacidad.,a,
